PDB,Ligand,Chain,Number,Resolution(A),Ligand Occupation Factor,IC50(M),log(IC50),pIC50,RMSD(A),Torsions,Q,Average Q,Ligand B-factor(A2),Receptor B-factor(A2),B-factor ratio (Ligand/Receptor),C,N,O,P,S,F,Cl,Br,Affinity(kcal/mol),Gauss 1,Gauss 2,Repulsion,Hydrophobic,Hydrogen,Torsional
D25T, lig_1,  692703,  8,  2.0,  1.0, 4.8e-10, -9.318758762624412, 9.318758762624412, 2.109,   2,  -0.0019999999999999844,  -7.999999999999938e-05,  0.0,  0.0,  0.0,  16,  3,  2,  0,  0,  0,  0,  0,  -7.631,  48.613,  1202.382,  1.618,  33.646,  0.651,  0.47712125471966244
KIM7, lig_2,  50778251,  8,  2.0,  1.0, 5.500000000000001e-10, -9.259637310505756, 9.259637310505756, 3.176,   3,  0.0019999999999999463,  7.999999999999785e-05,  0.0,  0.0,  0.0,  16,  2,  2,  0,  2,  0,  0,  0,  -7.714,  65.928,  1233.469,  2.241,  43.758,  0.528,  0.6020599913279624
47S3, lig_3,  50778697,  8,  2.0,  1.0, 5.7e-10, -9.244125144327509, 9.244125144327509, 3.155,   3,  0.0010000000000000009,  3.225806451612906e-05,  0.0,  0.0,  0.0,  17,  4,  3,  0,  2,  0,  0,  0,  -7.61,  43.877,  1225.947,  1.306,  18.927,  1.973,  0.6020599913279624
IQ4V, lig_4,  50778253,  8,  2.0,  1.0, 7.7e-10, -9.113509274827518, 9.113509274827518, 1.643,   3,  0.0030000000000000027,  0.00011111111111111121,  0.0,  0.0,  0.0,  16,  3,  2,  0,  2,  0,  0,  0,  -8.38,  67.364,  1319.453,  2.538,  34.965,  1.904,  0.6020599913279624
E9BA, lig_5,  692698,  8,  2.0,  1.0, 7.7e-10, -9.113509274827518, 9.113509274827518, 2.222,   2,  -0.0010000000000000009,  -3.84615384615385e-05,  0.0,  0.0,  0.0,  18,  3,  2,  0,  0,  0,  0,  0,  -7.995,  60.679,  1295.092,  3.845,  47.915,  2.079,  0.47712125471966244
OD62, lig_6,  692696,  8,  2.0,  1.0, 8.27e-10, -9.082494490447454, 9.082494490447454, 2.416,   3,  0.0010000000000000009,  4.000000000000004e-05,  0.0,  0.0,  0.0,  16,  3,  2,  0,  0,  1,  0,  0,  -7.809,  62.211,  1267.074,  2.357,  40.37,  0.978,  0.6020599913279624
OW78, lig_7,  50778200,  8,  2.0,  1.0, 9.7e-10, -9.013228265733755, 9.013228265733755, 3.065,   4,  0.0030000000000000027,  9.677419354838719e-05,  0.0,  0.0,  0.0,  16,  4,  3,  0,  2,  0,  0,  0,  -7.34,  77.153,  1367.541,  4.461,  16.133,  3.424,  0.6989700043360189
HJ9G, lig_8,  50778207,  8,  2.0,  1.0, 9.9e-10, -9.00436480540245, 9.00436480540245, 3.113,   7,  0.0020000000000000018,  5.8823529411764755e-05,  0.0,  0.0,  0.0,  19,  4,  4,  0,  2,  0,  0,  0,  -6.989,  66.49,  1354.929,  2.333,  12.883,  2.787,  0.9030899869919435
3XXE, lig_9,  50778201,  8,  2.0,  1.0, 1e-09, -9.0, 9.0, 2.266,   4,  0.0020000000000000018,  6.451612903225812e-05,  0.0,  0.0,  0.0,  17,  4,  3,  0,  2,  0,  0,  0,  -7.359,  59.489,  1354.173,  1.746,  26.367,  0.192,  0.6989700043360189
RD59, lig_10,  692606,  8,  2.0,  1.0, 1.0900000000000002e-09, -8.962573502059376, 8.962573502059376, 1.71,   2,  -0.002000000000000054,  -8.695652173913277e-05,  0.0,  0.0,  0.0,  15,  3,  2,  0,  0,  0,  0,  0,  -7.399,  52.406,  1166.762,  1.185,  28.279,  0.0,  0.47712125471966244
FJZX, lig_11,  50778257,  8,  2.0,  1.0, 1.1000000000000001e-09, -8.958607314841775, 8.958607314841775, 2.198,   3,  0.0030000000000000027,  0.00010344827586206906,  0.0,  0.0,  0.0,  15,  4,  2,  0,  2,  0,  0,  0,  -8.37,  51.509,  1219.216,  0.954,  28.077,  1.972,  0.6020599913279624
QXKB, lig_12,  50778254,  8,  2.0,  1.0, 1.3e-09, -8.886056647693163, 8.886056647693163, 2.229,   3,  0.002999999999999947,  0.00011111111111110915,  0.0,  0.0,  0.0,  16,  3,  2,  0,  2,  0,  0,  0,  -8.267,  57.221,  1259.179,  0.944,  28.267,  1.007,  0.6020599913279624
ZZVB, lig_13,  50778678,  8,  2.0,  1.0, 1.3e-09, -8.886056647693163, 8.886056647693163, 3.378,   7,  0.003000000000000058,  8.571428571428738e-05,  0.0,  0.0,  0.0,  20,  4,  4,  0,  2,  0,  0,  0,  -7.275,  66.113,  1446.802,  2.045,  11.389,  2.298,  0.9030899869919435
VLWQ, lig_14,  50778746,  8,  2.0,  1.0, 1.3e-09, -8.886056647693163, 8.886056647693163, 2.93,   2,  0.0009999999999999731,  4.9999999999998654e-05,  0.0,  0.0,  0.0,  11,  2,  1,  0,  3,  0,  0,  0,  -7.254,  52.557,  1004.215,  0.352,  22.067,  0.402,  0.47712125471966244
QVMU, lig_15,  692706,  8,  2.0,  1.0, 1.41e-09, -8.85078088734462, 8.85078088734462, 2.172,   3,  -0.0020000000000000573,  -7.40740740740762e-05,  0.0,  0.0,  0.0,  19,  3,  2,  0,  0,  0,  0,  0,  -7.118,  63.565,  1308.391,  3.293,  40.065,  0.528,  0.6020599913279624
DRAY, lig_16,  692705,  8,  2.0,  1.0, 1.41e-09, -8.85078088734462, 8.85078088734462, 1.672,   3,  -0.0020000000000000573,  -7.40740740740762e-05,  0.0,  0.0,  0.0,  19,  3,  2,  0,  0,  0,  0,  0,  -7.726,  77.749,  1377.32,  4.155,  39.748,  1.451,  0.6020599913279624
Y875, lig_17,  692701,  8,  2.0,  1.0, 1.41e-09, -8.85078088734462, 8.85078088734462, 2.352,   1,  -0.0009999999999999454,  -3.9999999999997815e-05,  0.0,  0.0,  0.0,  17,  3,  2,  0,  0,  0,  0,  0,  -8.269,  63.707,  1256.039,  2.127,  36.677,  0.172,  0.3010299956639812
S28C, lig_18,  692689,  8,  2.0,  1.0, 1.41e-09, -8.85078088734462, 8.85078088734462, 2.226,   1,  5.551115123125783e-17,  2.413528314402514e-18,  0.0,  0.0,  0.0,  15,  3,  2,  0,  0,  0,  0,  0,  -8.286,  57.345,  1172.524,  1.789,  35.08,  0.955,  0.3010299956639812
WMFW, lig_19,  692688,  8,  2.0,  1.0, 1.41e-09, -8.85078088734462, 8.85078088734462, 2.549,   2,  -5.204170427930421e-17,  -2.168404344971009e-18,  0.0,  0.0,  0.0,  16,  3,  2,  0,  0,  0,  0,  0,  -7.631,  58.993,  1235.857,  3.132,  44.227,  1.215,  0.47712125471966244
6JON, lig_20,  692610,  8,  2.0,  1.0, 1.41e-09, -8.85078088734462, 8.85078088734462, 2.292,   3,  -0.0010000000000000564,  -4.166666666666902e-05,  0.0,  0.0,  0.0,  15,  3,  2,  0,  0,  1,  0,  0,  -7.388,  46.932,  1232.787,  1.689,  31.662,  0.947,  0.6020599913279624
0H2Y, lig_21,  692603,  8,  2.0,  1.0, 1.41e-09, -8.85078088734462, 8.85078088734462, 2.514,   1,  -0.0019999999999999463,  -8.69565217391281e-05,  0.0,  0.0,  0.0,  13,  3,  2,  0,  0,  0,  0,  0,  -7.896,  52.468,  1103.602,  1.159,  26.15,  0.836,  0.3010299956639812
VEAA, lig_22,  692592,  8,  2.0,  1.0, 1.41e-09, -8.85078088734462, 8.85078088734462, 2.866,   1,  0.0010000000000000564,  4.3478260869567667e-05,  0.0,  0.0,  0.0,  14,  3,  2,  0,  0,  0,  0,  0,  -7.728,  46.2,  1022.16,  1.297,  12.205,  2.741,  0.3010299956639812
8LAT, lig_23,  692595,  8,  2.0,  1.0, 1.41e-09, -8.85078088734462, 8.85078088734462, 2.312,   1,  -0.0020000000000000018,  -9.090909090909098e-05,  0.0,  0.0,  0.0,  14,  3,  2,  0,  0,  0,  0,  0,  -7.918,  54.732,  1085.176,  1.632,  18.458,  2.054,  0.3010299956639812
S9SV, lig_24,  51300959,  8,  2.0,  1.0, 1.9e-09, -8.721246399047171, 8.721246399047171, 2.02,   3,  0.003000000000000058,  0.00010714285714285922,  0.0,  0.0,  0.0,  17,  4,  2,  0,  1,  0,  0,  0,  -9.677,  69.323,  1391.824,  1.337,  30.754,  2.232,  0.6020599913279624
1SO8, lig_25,  51300980,  8,  2.0,  1.0, 1.9e-09, -8.721246399047171, 8.721246399047171, 2.02,   3,  0.003000000000000058,  0.00010714285714285922,  0.0,  0.0,  0.0,  17,  4,  2,  0,  1,  0,  0,  0,  -9.677,  69.323,  1391.824,  1.337,  30.754,  2.232,  0.6020599913279624
W2C6, lig_26,  50778208,  3,  2.0,  1.0, 1.9e-09, -8.721246399047171, 8.721246399047171, 1.763,   8,  0.0020000000000000018,  5.7142857142857196e-05,  0.0,  0.0,  0.0,  20,  4,  4,  0,  2,  0,  0,  0,  -8.077,  80.843,  1493.362,  1.912,  30.496,  2.327,  0.9542425094393249
TA5Q, lig_27,  51419722,  8,  2.0,  1.0, 2e-09, -8.698970004336019, 8.698970004336019, 2.5,   2,  -3.9898639947466563e-17,  -1.1082955540962933e-18,  0.0,  0.0,  0.0,  22,  7,  2,  0,  0,  0,  0,  0,  -7.553,  76.905,  1631.963,  6.58,  21.335,  2.677,  0.47712125471966244
E7V5, lig_28,  51419718,  3,  2.0,  1.0, 2e-09, -8.698970004336019, 8.698970004336019, 2.928,   2,  0.001000000000000072,  2.7777777777779778e-05,  0.0,  0.0,  0.0,  22,  7,  1,  0,  0,  0,  0,  0,  -9.258,  75.471,  1552.303,  2.554,  29.674,  0.521,  0.47712125471966244
SQ30, lig_29,  50778677,  8,  2.0,  1.0, 2.4e-09, -8.619788758288394, 8.619788758288394, 3.367,   7,  0.0009999999999999454,  2.777777777777626e-05,  0.0,  0.0,  0.0,  20,  4,  4,  0,  2,  0,  0,  0,  -7.007,  60.681,  1356.276,  1.454,  25.085,  0.846,  0.9030899869919435
WAYE, lig_30,  50778692,  8,  2.0,  1.0, 2.7e-09, -8.568636235841012, 8.568636235841012, 1.932,   3,  0.002999999999999947,  0.00011538461538461335,  0.0,  0.0,  0.0,  15,  3,  2,  0,  2,  0,  0,  0,  -8.11,  52.605,  1235.499,  0.605,  31.473,  0.5,  0.6020599913279624
7R2Y, lig_31,  50778250,  8,  2.0,  1.0, 2.8e-09, -8.55284196865778, 8.55284196865778, 2.472,   2,  0.001999999999999974,  9.99999999999987e-05,  0.0,  0.0,  0.0,  11,  2,  2,  0,  2,  0,  0,  0,  -7.241,  55.255,  981.563,  0.561,  22.061,  0.734,  0.47712125471966244
Q0W6, lig_32,  51419723,  3,  2.0,  1.0, 3.0000000000000004e-09, -8.522878745280337, 8.522878745280337, 2.289,   2,  -3.9898639947466563e-17,  -1.1399611413561875e-18,  0.0,  0.0,  0.0,  24,  6,  1,  0,  0,  0,  0,  0,  -8.135,  75.36,  1596.962,  4.87,  31.756,  1.145,  0.47712125471966244
YTX7, lig_33,  692591,  8,  2.0,  1.0, 3.01e-09, -8.521433504406156, 8.521433504406156, 1.977,   2,  -1.003,  -0.041791666666666664,  0.0,  0.0,  0.0,  16,  2,  3,  0,  0,  0,  0,  0,  -7.99,  53.056,  1164.192,  2.267,  33.24,  1.988,  0.47712125471966244
6ZVZ, lig_34,  692697,  8,  2.0,  1.0, 3.1400000000000003e-09, -8.503070351926786, 8.503070351926786, 4.521,   4,  1.0,  0.03225806451612903,  0.0,  0.0,  0.0,  19,  4,  2,  0,  0,  3,  0,  0,  -7.618,  68.739,  1518.829,  3.257,  31.671,  0.472,  0.6989700043360189
KR01, lig_35,  51122123,  8,  2.0,  1.0, 4.2e-09, -8.3767507096021, 8.3767507096021, 2.488,   5,  1.0019999999999998,  0.027081081081081076,  0.0,  0.0,  0.0,  27,  6,  1,  0,  0,  0,  0,  0,  -9.101,  97.916,  1732.612,  4.247,  39.456,  1.724,  0.7781512503836436
FE3M, lig_36,  692700,  8,  2.0,  1.0, 4.58e-09, -8.339134521996131, 8.339134521996131, 2.317,   2,  0.0,  0.0,  0.0,  0.0,  0.0,  17,  3,  3,  0,  0,  0,  0,  0,  -7.435,  64.922,  1310.586,  3.981,  29.403,  1.908,  0.47712125471966244
5MM4, lig_37,  51419709,  3,  2.0,  1.0, 5e-09, -8.301029995663981, 8.301029995663981, 1.548,   2,  0.0010000000000000165,  2.8571428571429042e-05,  0.0,  0.0,  0.0,  22,  7,  1,  0,  0,  0,  0,  0,  -10.182,  87.752,  1600.319,  3.46,  31.131,  2.237,  0.47712125471966244
JQVO, lig_38,  51419724,  3,  2.0,  1.0, 6.000000000000001e-09, -8.221848749616356, 8.221848749616356, 2.209,   2,  0.000999999999999961,  3.030303030302912e-05,  0.0,  0.0,  0.0,  22,  6,  1,  0,  0,  0,  0,  0,  -8.601,  72.064,  1533.788,  3.411,  32.11,  0.691,  0.47712125471966244
Y5P3, lig_39,  51419725,  8,  2.0,  1.0, 6.000000000000001e-09, -8.221848749616356, 8.221848749616356, 3.604,   2,  -0.0009999999999999853,  -2.941176470588192e-05,  0.0,  0.0,  0.0,  22,  6,  2,  0,  0,  0,  0,  0,  -6.274,  49.451,  1195.81,  2.413,  7.112,  0.999,  0.47712125471966244
8UB5, lig_40,  692699,  8,  2.0,  1.0, 6.1e-09, -8.214670164989233, 8.214670164989233, 2.979,   1,  5.551115123125783e-17,  2.220446049250313e-18,  0.0,  0.0,  0.0,  16,  3,  3,  0,  0,  0,  0,  0,  -7.122,  50.019,  1171.127,  2.04,  13.245,  1.052,  0.3010299956639812
VVTF, lig_41,  50778693,  8,  2.0,  1.0, 6.6e-09, -8.18045606445813, 8.18045606445813, 2.152,   3,  0.0019999999999999463,  7.407407407407208e-05,  0.0,  0.0,  0.0,  16,  3,  2,  0,  2,  0,  0,  0,  -8.304,  56.636,  1254.242,  0.759,  27.969,  0.92,  0.6020599913279624
2FD7, lig_42,  51419707,  3,  2.0,  1.0, 7.000000000000001e-09, -8.154901959985743, 8.154901959985743, 2.609,   2,  -0.0009999999999999853,  -2.941176470588192e-05,  0.0,  0.0,  0.0,  23,  6,  1,  0,  0,  0,  0,  0,  -8.91,  78.493,  1517.086,  3.025,  29.089,  0.703,  0.47712125471966244
IWDE, lig_43,  692692,  8,  2.0,  1.0, 7.14e-09, -8.146301788223825, 8.146301788223825, 2.742,   2,  -0.0019999999999998908,  -7.692307692307272e-05,  0.0,  0.0,  0.0,  17,  3,  2,  0,  0,  0,  0,  0,  -8.028,  58.776,  1172.773,  1.227,  19.023,  1.415,  0.47712125471966244
VK8I, lig_44,  50759949,  8,  2.0,  1.0, 7.6e-09, -8.119186407719209, 8.119186407719209, 2.764,   7,  1.002,  0.02862857142857143,  0.0,  0.0,  0.0,  25,  5,  2,  0,  0,  0,  0,  0,  -7.12,  61.312,  1449.975,  1.272,  25.684,  0.252,  0.9030899869919435
F4QH, lig_45,  692590,  8,  2.0,  1.0, 8.220000000000002e-09, -8.08512818245995, 8.08512818245995, 3.057,   1,  5.551115123125783e-17,  2.220446049250313e-18,  0.0,  0.0,  0.0,  16,  3,  2,  0,  0,  0,  0,  0,  -7.876,  53.298,  1125.146,  1.789,  28.822,  1.341,  0.3010299956639812
43Q8, lig_46,  50778255,  8,  2.0,  1.0, 9.2e-09, -8.036212172654444, 8.036212172654444, 2.825,   3,  0.0009999999999999454,  3.703703703703502e-05,  0.0,  0.0,  0.0,  16,  3,  2,  0,  2,  0,  0,  0,  -7.812,  58.796,  1174.71,  1.306,  21.58,  1.748,  0.6020599913279624
YNBN, lig_47,  50778256,  8,  2.0,  1.0, 9.3e-09, -8.031517051446064, 8.031517051446064, 2.32,   4,  0.0030000000000000027,  0.00010714285714285723,  0.0,  0.0,  0.0,  16,  3,  3,  0,  2,  0,  0,  0,  -8.939,  71.991,  1378.008,  2.135,  26.615,  2.563,  0.6989700043360189
0XKH, lig_48,  51122132,  8,  2.0,  1.0, 1e-08, -8.0, 8.0, 3.611,   1,  2.0010000000000003,  0.08700000000000001,  0.0,  0.0,  0.0,  15,  4,  0,  0,  0,  0,  0,  0,  -7.98,  47.474,  1217.085,  0.507,  14.535,  0.0,  0.3010299956639812
I3LU, lig_49,  51419717,  3,  2.0,  1.0, 1e-08, -8.0, 8.0, 2.828,   2,  -0.0009999999999999298,  -2.8571428571426565e-05,  0.0,  0.0,  0.0,  23,  6,  1,  0,  0,  0,  0,  0,  -9.206,  66.728,  1497.667,  3.401,  25.747,  2.929,  0.47712125471966244
YWYY, lig_50,  51471945,  8,  2.0,  1.0, 1e-08, -8.0, 8.0, 3.611,   1,  2.0010000000000003,  0.08700000000000001,  0.0,  0.0,  0.0,  15,  4,  0,  0,  0,  0,  0,  0,  -7.98,  47.474,  1217.085,  0.507,  14.535,  0.0,  0.3010299956639812
PO7Y, lig_51,  51419711,  8,  2.0,  1.0, 1.1000000000000001e-08, -7.958607314841775, 7.958607314841775, 2.174,   2,  -0.0019999999999998908,  -5.8823529411761496e-05,  0.0,  0.0,  0.0,  23,  6,  1,  0,  0,  0,  0,  0,  -5.93,  79.827,  1525.843,  7.959,  28.667,  1.958,  0.47712125471966244
JPFA, lig_52,  692607,  8,  2.0,  1.0, 1.15e-08, -7.939302159646388, 7.939302159646388, 1.841,   4,  -5.551115123125783e-17,  -2.220446049250313e-18,  0.0,  0.0,  0.0,  16,  3,  3,  0,  0,  0,  0,  0,  -7.297,  54.821,  1256.429,  1.361,  22.538,  0.883,  0.6989700043360189
9JVQ, lig_53,  692587,  8,  2.0,  1.0, 1.19e-08, -7.924453038607469, 7.924453038607469, 2.23,   1,  -0.0019999999999999463,  -9.090909090908846e-05,  0.0,  0.0,  0.0,  13,  3,  2,  0,  0,  0,  0,  0,  -7.584,  50.415,  1055.427,  1.193,  27.449,  0.812,  0.3010299956639812
OMI4, lig_54,  50778308,  8,  2.0,  1.0, 1.2000000000000002e-08, -7.920818753952375, 7.920818753952375, 3.969,   3,  -1.0,  -0.05263157894736842,  0.0,  0.0,  0.0,  11,  1,  2,  0,  3,  0,  0,  0,  -7.202,  55.583,  953.756,  0.858,  17.841,  1.947,  0.6020599913279624
ACCE, lig_55,  51419710,  3,  2.0,  1.0, 1.4000000000000001e-08, -7.853871964321762, 7.853871964321762, 2.784,   2,  -0.0009999999999999593,  -3.030303030302907e-05,  0.0,  0.0,  0.0,  22,  5,  1,  0,  1,  0,  0,  0,  -8.704,  75.174,  1449.825,  3.075,  26.238,  1.383,  0.47712125471966244
4D2L, lig_56,  692693,  8,  2.0,  1.0, 1.42e-08, -7.847711655616943, 7.847711655616943, 2.371,   2,  0.001000000000000112,  3.8461538461542766e-05,  0.0,  0.0,  0.0,  16,  3,  3,  0,  0,  0,  0,  0,  -7.45,  56.688,  1186.219,  1.535,  23.102,  0.512,  0.47712125471966244
QNSI, lig_57,  50778303,  8,  2.0,  1.0, 1.5000000000000002e-08, -7.823908740944319, 7.823908740944319, 2.169,   3,  0.0009999999999999731,  3.9999999999998926e-05,  0.0,  0.0,  0.0,  14,  3,  2,  0,  3,  0,  0,  0,  -7.505,  62.065,  1246.659,  1.126,  20.751,  0.0,  0.6020599913279624
WDJ0, lig_58,  50759948,  8,  2.0,  1.0, 1.5000000000000002e-08, -7.823908740944319, 7.823908740944319, 1.709,   6,  1.003,  0.03039393939393939,  0.0,  0.0,  0.0,  23,  5,  2,  0,  0,  0,  0,  0,  -7.589,  77.456,  1481.735,  2.906,  44.242,  0.521,  0.8450980400142568
L0Y8, lig_59,  51388393,  2,  2.0,  1.0, 1.6e-08, -7.795880017344075, 7.795880017344075, 0.983,   12,  2.003,  0.02945588235294118,  0.0,  0.0,  0.0,  47,  11,  6,  0,  0,  0,  0,  0,  2.061,  232.924,  3196.8,  41.383,  91.212,  4.006,  1.1139433523068367
3HTT, lig_60,  692690,  8,  2.0,  1.0, 1.6399999999999998e-08, -7.785156151952302, 7.785156151952302, 2.483,   4,  -0.001000000000000053,  -3.225806451613074e-05,  0.0,  0.0,  0.0,  22,  3,  3,  0,  0,  0,  0,  0,  -6.409,  58.457,  1462.968,  4.5,  21.941,  1.462,  0.6989700043360189
RIFB, lig_61,  692597,  8,  2.0,  1.0, 1.6600000000000003e-08, -7.779891911959945, 7.779891911959945, 2.872,   1,  -0.003999999999999948,  -0.0001739130434782586,  0.0,  0.0,  0.0,  13,  3,  2,  0,  0,  0,  0,  0,  -7.959,  47.944,  1139.118,  1.566,  30.072,  1.222,  0.3010299956639812
8K2T, lig_62,  692695,  3,  2.0,  1.0, 1.67e-08, -7.777283528852417, 7.777283528852417, 1.837,   4,  -0.001000000000000053,  -3.0303030303031908e-05,  0.0,  0.0,  0.0,  22,  3,  2,  0,  0,  3,  0,  0,  -8.322,  70.073,  1569.372,  3.999,  31.515,  2.493,  0.6989700043360189
U91K, lig_63,  51419715,  3,  2.0,  1.0, 1.7e-08, -7.769551078621726, 7.769551078621726, 1.968,   2,  -0.0019999999999999185,  -5.882352941176231e-05,  0.0,  0.0,  0.0,  22,  6,  1,  0,  0,  0,  0,  0,  -9.064,  72.267,  1490.151,  3.898,  30.76,  2.765,  0.47712125471966244
WYQO, lig_64,  50778194,  8,  2.0,  1.0, 1.9e-08, -7.721246399047171, 7.721246399047171, 2.998,   2,  -2.7755575615628914e-17,  -1.32169407693471e-18,  0.0,  0.0,  0.0,  12,  3,  1,  0,  2,  0,  0,  0,  -7.377,  50.139,  1045.628,  0.454,  19.712,  0.695,  0.47712125471966244
DGG1, lig_65,  692611,  8,  2.0,  1.0, 1.94e-08, -7.7121982700697735, 7.7121982700697735, 2.535,   3,  -5.551115123125783e-17,  -2.135044278125301e-18,  0.0,  0.0,  0.0,  15,  3,  2,  0,  0,  3,  0,  0,  -8.646,  76.355,  1323.296,  2.01,  40.381,  0.77,  0.6020599913279624
QP4P, lig_66,  692599,  3,  2.0,  1.0, 2.07e-08, -7.684029654543083, 7.684029654543083, 0.893,   5,  -1.003,  -0.03039393939393939,  0.0,  0.0,  0.0,  19,  3,  5,  0,  1,  0,  0,  0,  -8.975,  58.785,  1476.905,  1.207,  34.199,  1.235,  0.7781512503836436
FPSU, lig_67,  692704,  8,  2.0,  1.0, 2.09e-08, -7.679853713888946, 7.679853713888946, 2.083,   4,  0.0020000000000000018,  7.142857142857149e-05,  0.0,  0.0,  0.0,  18,  3,  4,  0,  0,  0,  0,  0,  -7.254,  79.357,  1394.563,  3.57,  22.4,  1.198,  0.6989700043360189
AMLC, lig_68,  50778205,  8,  2.0,  1.0, 2.1000000000000003e-08, -7.6777807052660805, 7.6777807052660805, 2.992,   4,  0.0020000000000000018,  6.451612903225812e-05,  0.0,  0.0,  0.0,  18,  4,  3,  0,  2,  0,  0,  0,  -7.069,  52.865,  1286.668,  1.775,  8.881,  1.762,  0.6989700043360189
8YLC, lig_69,  50778307,  8,  2.0,  1.0, 2.2000000000000002e-08, -7.657577319177793, 7.657577319177793, 3.138,   2,  0.0009999999999999731,  4.9999999999998654e-05,  0.0,  0.0,  0.0,  12,  2,  1,  0,  3,  0,  0,  0,  -7.053,  51.518,  1011.909,  0.585,  17.04,  0.673,  0.47712125471966244
PSE3, lig_70,  50778252,  8,  2.0,  1.0, 2.5000000000000002e-08, -7.6020599913279625, 7.6020599913279625, 2.334,   3,  0.0010000000000000009,  3.84615384615385e-05,  0.0,  0.0,  0.0,  15,  3,  2,  0,  2,  0,  0,  0,  -7.792,  56.408,  1196.214,  1.253,  25.839,  1.28,  0.6020599913279624
4THA, lig_71,  692616,  8,  2.0,  1.0, 2.55e-08, -7.5934598195660445, 7.5934598195660445, 1.819,   1,  -0.0009999999999998899,  -4.7619047619042376e-05,  0.0,  0.0,  0.0,  12,  3,  2,  0,  0,  0,  0,  0,  -7.611,  45.716,  998.646,  0.347,  21.13,  0.845,  0.3010299956639812
S34T, lig_72,  51422084,  8,  2.0,  1.0, 2.8000000000000003e-08, -7.552841968657781, 7.552841968657781, 2.166,   3,  0.0,  0.0,  0.0,  0.0,  0.0,  17,  3,  1,  0,  0,  0,  0,  0,  -8.404,  61.768,  1212.032,  0.746,  30.763,  0.986,  0.6020599913279624
T85R, lig_73,  51419721,  8,  2.0,  1.0, 2.9e-08, -7.5376020021010435, 7.5376020021010435, 2.047,   2,  1.5612511283791264e-17,  4.731064025391292e-19,  0.0,  0.0,  0.0,  22,  6,  1,  0,  0,  0,  0,  0,  -9.79,  86.692,  1604.679,  4.128,  35.661,  2.184,  0.47712125471966244
M0EQ, lig_74,  692602,  8,  2.0,  1.0, 2.9500000000000003e-08, -7.530177984021837, 7.530177984021837, 2.381,   2,  -0.002999999999999961,  -0.00012499999999999838,  0.0,  0.0,  0.0,  15,  3,  2,  0,  0,  0,  0,  0,  -8.032,  51.499,  1170.04,  0.507,  32.493,  0.0,  0.47712125471966244
YPVT, lig_75,  692604,  8,  2.0,  1.0, 3.14e-08, -7.503070351926785, 7.503070351926785, 2.168,   2,  -1.003,  -0.045590909090909085,  0.0,  0.0,  0.0,  13,  2,  3,  0,  0,  0,  0,  0,  -7.877,  49.574,  1097.561,  1.571,  23.569,  2.173,  0.47712125471966244
V6E5, lig_76,  692593,  8,  2.0,  1.0, 4.0500000000000005e-08, -7.392544976785332, 7.392544976785332, 1.779,   3,  1.0010000000000001,  0.03336666666666667,  0.0,  0.0,  0.0,  17,  4,  2,  0,  0,  3,  0,  0,  -7.827,  60.206,  1331.631,  1.434,  20.802,  0.472,  0.6020599913279624
A0HL, lig_77,  50759950,  8,  2.0,  1.0, 4.1e-08, -7.3872161432802645, 7.3872161432802645, 2.651,   8,  1.003,  0.028657142857142853,  0.0,  0.0,  0.0,  25,  5,  2,  0,  0,  0,  0,  0,  -8.02,  67.471,  1491.366,  0.922,  32.12,  1.55,  0.9542425094393249
1R3J, lig_78,  50778745,  8,  2.0,  1.0, 4.6e-08, -7.337242168318426, 7.337242168318426, 2.334,   1,  -0.0010000000000000286,  -5.882352941176639e-05,  0.0,  0.0,  0.0,  11,  2,  0,  0,  3,  0,  0,  0,  -7.357,  55.296,  911.251,  0.342,  23.449,  0.489,  0.3010299956639812
3CUI, lig_79,  51422083,  8,  2.0,  1.0, 4.6e-08, -7.337242168318426, 7.337242168318426, 2.588,   5,  -0.0010000000000000286,  -4.166666666666786e-05,  0.0,  0.0,  0.0,  18,  2,  2,  0,  0,  0,  0,  0,  -7.112,  54.783,  1197.766,  1.037,  31.101,  0.806,  0.7781512503836436
183N, lig_80,  692615,  8,  2.0,  1.0, 4.73e-08, -7.325138859262188, 7.325138859262188, 1.998,   2,  -0.0019999999999998908,  -7.692307692307272e-05,  0.0,  0.0,  0.0,  17,  3,  2,  0,  0,  0,  0,  0,  -8.145,  63.355,  1210.861,  2.894,  40.765,  2.067,  0.47712125471966244
EXKW, lig_81,  50760177,  8,  2.0,  1.0, 5.0000000000000004e-08, -7.301029995663981, 7.301029995663981, 2.655,   7,  1.004,  0.030424242424242423,  0.0,  0.0,  0.0,  23,  5,  2,  0,  0,  0,  0,  0,  -7.782,  79.881,  1602.909,  2.231,  35.267,  0.0,  0.9030899869919435
D978, lig_82,  51419713,  8,  2.0,  1.0, 5.0000000000000004e-08, -7.301029995663981, 7.301029995663981, 1.517,   2,  -0.0019999999999999185,  -5.882352941176231e-05,  0.0,  0.0,  0.0,  23,  6,  1,  0,  0,  0,  0,  0,  -8.035,  86.055,  1630.901,  6.559,  36.066,  2.116,  0.47712125471966244
4UG8, lig_83,  51300969,  8,  2.0,  1.0, 6.2e-08, -7.2076083105017466, 7.2076083105017466, 3.956,   6,  5.551115123125783e-17,  1.5860328923216522e-18,  0.0,  0.0,  0.0,  24,  4,  2,  0,  0,  1,  0,  0,  -8.333,  74.329,  1439.555,  1.917,  54.84,  0.789,  0.8450980400142568
5WUC, lig_84,  51300971,  8,  2.0,  1.0, 6.2e-08, -7.2076083105017466, 7.2076083105017466, 3.956,   6,  5.551115123125783e-17,  1.5860328923216522e-18,  0.0,  0.0,  0.0,  24,  4,  2,  0,  0,  1,  0,  0,  -8.333,  74.329,  1439.555,  1.917,  54.84,  0.789,  0.8450980400142568
EMRK, lig_85,  50778732,  8,  2.0,  1.0, 6.5e-08, -7.187086643357144, 7.187086643357144, 2.871,   3,  -2.7755575615628914e-17,  -1.0675221390626506e-18,  0.0,  0.0,  0.0,  15,  4,  1,  0,  3,  0,  0,  0,  -6.634,  45.419,  1148.091,  0.446,  8.593,  0.0,  0.6020599913279624
SSLR, lig_86,  51419716,  8,  2.0,  1.0, 6.8e-08, -7.167491087293763, 7.167491087293763, 2.246,   1,  -0.0029999999999999194,  -9.090909090908846e-05,  0.0,  0.0,  0.0,  22,  6,  1,  0,  0,  0,  0,  0,  -7.927,  85.974,  1572.879,  7.139,  34.993,  2.551,  0.3010299956639812
SN5N, lig_87,  51388392,  8,  2.0,  1.0, 7e-08, -7.154901959985743, 7.154901959985743, 2.097,   3,  1.001,  0.03229032258064516,  0.0,  0.0,  0.0,  21,  6,  1,  0,  0,  0,  0,  0,  -6.8,  44.233,  1329.425,  1.813,  20.339,  0.0,  0.6020599913279624
EUJP, lig_88,  692613,  8,  2.0,  1.0, 7.05e-08, -7.151810883008602, 7.151810883008602, 1.586,   2,  -0.0030000000000000027,  -0.00010714285714285723,  0.0,  0.0,  0.0,  18,  3,  3,  0,  0,  0,  0,  0,  -6.527,  57.553,  1231.513,  3.48,  14.677,  1.599,  0.47712125471966244
2ERI, lig_89,  50778310,  8,  2.0,  1.0, 7.1e-08, -7.1487416512809245, 7.1487416512809245, 2.389,   2,  0.0030000000000000304,  0.00015000000000000153,  0.0,  0.0,  0.0,  11,  2,  2,  0,  2,  0,  0,  0,  -7.072,  41.557,  1007.21,  0.404,  23.977,  0.658,  0.47712125471966244
1TNH, lig_90,  51419712,  3,  2.0,  1.0, 8e-08, -7.096910013008056, 7.096910013008056, 2.855,   2,  -0.0029999999999999593,  -9.090909090908967e-05,  0.0,  0.0,  0.0,  22,  5,  1,  0,  1,  0,  0,  0,  -8.421,  73.377,  1456.281,  2.627,  22.237,  0.493,  0.47712125471966244
5P6W, lig_91,  692601,  8,  2.0,  1.0, 8.130000000000001e-08, -7.089909454405932, 7.089909454405932, 3.264,   4,  -0.0019999999999999463,  -5.882352941176313e-05,  0.0,  0.0,  0.0,  19,  4,  4,  0,  1,  0,  0,  0,  -7.06,  62.237,  1406.101,  4.565,  25.583,  2.676,  0.6989700043360189
M82O, lig_92,  692614,  8,  2.0,  1.0, 8.66e-08, -7.062482107982653, 7.062482107982653, 2.508,   3,  -1.004,  -0.03718518518518518,  0.0,  0.0,  0.0,  18,  2,  4,  0,  0,  0,  0,  0,  -7.44,  54.32,  1195.802,  2.282,  16.74,  2.412,  0.6020599913279624
XNXC, lig_93,  692691,  8,  2.0,  1.0, 8.730000000000001e-08, -7.0589857562944305, 7.0589857562944305, 2.629,   2,  -0.0019999999999998908,  -7.692307692307272e-05,  0.0,  0.0,  0.0,  17,  3,  2,  0,  0,  0,  0,  0,  -7.76,  49.769,  1195.521,  0.699,  17.734,  0.558,  0.47712125471966244
5LUX, lig_94,  50778302,  8,  2.0,  1.0, 9.300000000000001e-08, -7.031517051446065, 7.031517051446065, 2.929,   3,  0.0,  0.0,  0.0,  0.0,  0.0,  14,  3,  1,  0,  4,  0,  0,  0,  -7.188,  71.076,  1210.471,  2.544,  29.251,  0.688,  0.6020599913279624
KXT9, lig_95,  692612,  8,  2.0,  1.0, 9.71e-08, -7.012780770091995, 7.012780770091995, 2.07,   2,  1.734723475976807e-17,  7.228014483236697e-19,  0.0,  0.0,  0.0,  15,  3,  2,  0,  0,  0,  0,  0,  -7.531,  55.638,  1024.042,  1.24,  25.765,  1.677,  0.47712125471966244
42GN, lig_96,  692694,  8,  2.0,  1.0, 9.73e-08, -7.011887159731648, 7.011887159731648, 2.387,   5,  -0.0010000000000000564,  -3.125000000000176e-05,  0.0,  0.0,  0.0,  22,  3,  3,  0,  0,  1,  0,  0,  -6.584,  76.864,  1553.555,  4.794,  37.514,  0.0,  0.7781512503836436
JHPY, lig_97,  50760039,  8,  2.0,  1.0, 1.0000000000000001e-07, -7.0, 7.0, 2.482,   6,  1.003,  0.03039393939393939,  0.0,  0.0,  0.0,  22,  5,  2,  0,  0,  0,  0,  0,  -6.852,  69.8,  1325.449,  1.767,  25.877,  0.259,  0.8450980400142568
0X2A, lig_98,  692600,  8,  2.0,  1.0, 1.07e-07, -6.97061622231479, 6.97061622231479, 2.593,   2,  -0.002999999999999947,  -0.00010714285714285525,  0.0,  0.0,  0.0,  19,  3,  2,  0,  0,  0,  0,  0,  -6.952,  70.251,  1406.799,  5.382,  58.742,  0.0,  0.47712125471966244
MU9F, lig_99,  50778301,  8,  2.0,  1.0, 1.1e-07, -6.958607314841775, 6.958607314841775, 2.508,   2,  0.002999999999999975,  0.00013636363636363523,  0.0,  0.0,  0.0,  11,  2,  3,  0,  3,  0,  0,  0,  -7.462,  46.063,  1127.816,  0.537,  27.102,  0.0,  0.47712125471966244
2ZJA, lig_100,  50778306,  8,  2.0,  1.0, 1.2000000000000002e-07, -6.920818753952375, 6.920818753952375, 2.644,   2,  0.0009999999999999731,  4.9999999999998654e-05,  0.0,  0.0,  0.0,  13,  2,  1,  0,  3,  0,  0,  0,  -7.383,  62.559,  1116.272,  1.45,  15.081,  0.986,  0.47712125471966244
U76X, lig_101,  50778309,  8,  2.0,  1.0, 1.3e-07, -6.886056647693163, 6.886056647693163, 2.784,   2,  0.0010000000000000286,  4.761904761904898e-05,  0.0,  0.0,  0.0,  10,  3,  1,  0,  3,  0,  0,  0,  -7.148,  45.976,  965.593,  0.655,  18.395,  1.635,  0.47712125471966244
M76R, lig_102,  692702,  8,  2.0,  1.0, 1.48e-07, -6.8297382846050425, 6.8297382846050425, 2.181,   3,  0.0,  0.0,  0.0,  0.0,  0.0,  18,  3,  2,  0,  0,  1,  0,  0,  -7.801,  81.069,  1355.716,  3.733,  39.629,  1.018,  0.6020599913279624
C05F, lig_103,  50778730,  8,  2.0,  1.0, 1.5000000000000002e-07, -6.823908740944319, 6.823908740944319, 2.352,   2,  -5.551115123125783e-17,  -2.64338815386942e-18,  0.0,  0.0,  0.0,  11,  2,  2,  0,  3,  0,  0,  0,  -7.167,  43.795,  1061.78,  0.619,  27.481,  0.292,  0.47712125471966244
VTHC, lig_104,  692605,  8,  2.0,  1.0, 1.58e-07, -6.801342913045577, 6.801342913045577, 3.111,   1,  -0.0020000000000000018,  -8.695652173913051e-05,  0.0,  0.0,  0.0,  14,  3,  2,  0,  0,  0,  0,  0,  -7.341,  39.996,  1121.873,  1.166,  16.94,  1.01,  0.3010299956639812
OPDH, lig_105,  692609,  8,  2.0,  1.0, 1.71e-07, -6.767003889607846, 6.767003889607846, 2.549,   3,  -0.002999999999999947,  -9.999999999999824e-05,  0.0,  0.0,  0.0,  20,  3,  3,  0,  0,  0,  0,  0,  -7.683,  44.061,  1291.49,  1.056,  16.879,  1.23,  0.6020599913279624
X070, lig_106,  692598,  8,  2.0,  1.0, 2.0500000000000002e-07, -6.688246138944246, 6.688246138944246, 3.473,   2,  -1.003,  -0.045590909090909085,  0.0,  0.0,  0.0,  13,  2,  3,  0,  0,  0,  0,  0,  -7.687,  53.383,  1024.053,  0.901,  17.433,  1.723,  0.47712125471966244
LEVG, lig_107,  692594,  8,  2.0,  1.0, 2.1100000000000002e-07, -6.675717544702307, 6.675717544702307, 2.799,   1,  0.0010000000000000564,  4.000000000000225e-05,  0.0,  0.0,  0.0,  15,  3,  3,  0,  0,  0,  0,  0,  -8.16,  55.631,  1081.052,  1.095,  18.41,  1.762,  0.3010299956639812
6W47, lig_108,  51419708,  8,  2.0,  1.0, 2.14e-07, -6.669586226650809, 6.669586226650809, 2.162,   2,  0.001000000000000072,  2.8571428571430627e-05,  0.0,  0.0,  0.0,  22,  7,  1,  0,  0,  0,  0,  0,  -7.246,  67.222,  1559.282,  5.429,  32.729,  1.041,  0.47712125471966244
WYX7, lig_109,  692686,  8,  2.0,  1.0, 2.2900000000000003e-07, -6.640164517660112, 6.640164517660112, 2.419,   3,  -0.0019999999999999463,  -6.666666666666488e-05,  0.0,  0.0,  0.0,  20,  3,  3,  0,  0,  0,  0,  0,  -6.618,  48.261,  1277.725,  3.449,  16.425,  2.449,  0.6020599913279624
NO4O, lig_110,  692596,  8,  2.0,  1.0, 2.33e-07, -6.632644078973981, 6.632644078973981, 2.566,   2,  -1.003,  -0.047761904761904755,  0.0,  0.0,  0.0,  14,  2,  3,  0,  0,  0,  0,  0,  -7.346,  40.492,  1100.507,  0.926,  21.297,  0.929,  0.47712125471966244
LWEK, lig_111,  692588,  8,  2.0,  1.0, 3.22e-07, -6.492144128304169, 6.492144128304169, 2.586,   1,  -0.002999999999999947,  -0.00013636363636363396,  0.0,  0.0,  0.0,  14,  3,  2,  0,  0,  0,  0,  0,  -7.302,  41.259,  1068.808,  0.385,  17.428,  0.205,  0.3010299956639812
RDM1, lig_112,  50778304,  8,  2.0,  1.0, 4.0000000000000003e-07, -6.3979400086720375, 6.3979400086720375, 3.395,   3,  -0.0009999999999999731,  -3.8461538461537426e-05,  0.0,  0.0,  0.0,  16,  3,  1,  0,  3,  0,  0,  0,  -7.9,  70.93,  1220.683,  1.88,  27.778,  1.182,  0.6020599913279624
GJ2S, lig_113,  51419720,  8,  2.0,  1.0, 4.2600000000000003e-07, -6.370590400897281, 6.370590400897281, 2.59,   2,  -0.0010000000000000286,  -3.1250000000000895e-05,  0.0,  0.0,  0.0,  21,  6,  1,  0,  0,  0,  0,  0,  -8.114,  62.482,  1343.47,  1.828,  17.373,  0.793,  0.47712125471966244
ZKOJ, lig_114,  692589,  8,  2.0,  1.0, 5.5e-07, -6.259637310505756, 6.259637310505756, 2.172,   1,  0.9990000000000001,  0.03842307692307693,  0.0,  0.0,  0.0,  15,  4,  2,  0,  0,  0,  0,  0,  -8.163,  57.747,  1078.665,  1.206,  18.937,  1.79,  0.3010299956639812
HS04, lig_115,  692608,  8,  2.0,  1.0, 5.85e-07, -6.232844133917819, 6.232844133917819, 2.613,   4,  1.0010000000000001,  0.030333333333333337,  0.0,  0.0,  0.0,  23,  4,  2,  0,  0,  0,  0,  0,  -9.042,  58.322,  1350.719,  1.388,  62.288,  1.211,  0.6989700043360189
NY7P, lig_116,  51419719,  3,  2.0,  1.0, 6.98e-07, -6.156144577376839, 6.156144577376839, 2.468,   2,  -0.0019999999999999463,  -6.249999999999832e-05,  0.0,  0.0,  0.0,  21,  6,  1,  0,  0,  0,  0,  0,  -9.275,  82.363,  1512.751,  3.396,  36.94,  1.207,  0.47712125471966244
65YC, lig_117,  50778305,  8,  2.0,  1.0, 7.000000000000001e-07, -6.154901959985743, 6.154901959985743, 3.25,   3,  -0.0010000000000000286,  -4.000000000000115e-05,  0.0,  0.0,  0.0,  17,  2,  1,  0,  3,  0,  0,  0,  -7.076,  44.004,  1152.68,  0.737,  15.247,  0.944,  0.6020599913279624
BUS6, lig_118,  51419714,  3,  2.0,  1.0, 1.02e-06, -5.991399828238082, 5.991399828238082, 2.28,   2,  -0.0030000000000000304,  -8.823529411764796e-05,  0.0,  0.0,  0.0,  21,  7,  1,  0,  0,  0,  0,  0,  -8.963,  90.599,  1593.729,  5.135,  34.327,  1.993,  0.47712125471966244
O0J8, lig_119,  50778315,  8,  2.0,  1.0, 3.1000000000000004e-06, -5.508638306165727, 5.508638306165727, 3.285,   2,  0.0009999999999999731,  4.761904761904634e-05,  0.0,  0.0,  0.0,  11,  3,  1,  0,  2,  0,  0,  0,  -6.994,  46.073,  978.378,  0.298,  19.844,  0.615,  0.47712125471966244
F168, lig_120,  692687,  8,  2.0,  1.0, 1e-05, -5.0, 5.0, 1.682,   2,  -0.002999999999999947,  -9.09090909090893e-05,  0.0,  0.0,  0.0,  20,  5,  2,  0,  0,  0,  0,  0,  -9.391,  68.683,  1400.118,  2.75,  41.634,  2.132,  0.47712125471966244
D9AC, lig_121,  51398017,  3,  2.0,  1.0, 1.554e-05, -4.808548985535104, 4.808548985535104, 3.662,   6,  0.9989999999999997,  0.02497499999999999,  0.0,  0.0,  0.0,  26,  4,  5,  0,  0,  2,  0,  0,  -9.397,  91.529,  1793.016,  2.523,  28.916,  1.317,  0.8450980400142568
