PDB,Ligand,Chain,Number,Resolution(A),Ligand Occupation Factor,Ki(M),log(Ki),pKi,RMSD(A),Torsions,Q,Average Q,Ligand B-factor(A2),Receptor B-factor(A2),B-factor ratio (Ligand/Receptor),C,N,O,P,S,F,Cl,Br,Affinity(kcal/mol),Gauss 1,Gauss 2,Repulsion,Hydrophobic,Hydrogen,Torsional
5J2R, lig_1,  153788,  8,  2.0,  1.0, 1.1000000000000001e-10, -9.958607314841775, 9.958607314841775, 2.451,   7,  0.9969999999999999,  0.030212121212121208,  0.0,  36.096985865724356,  0.0,  18,  5,  4,  0,  2,  0,  0,  0,  -8.055,  76.728,  1443.141,  1.155,  20.361,  1.743,  0.9030899869919435
F3Z5, lig_2,  153789,  8,  2.0,  1.0, 5.200000000000001e-10, -9.2839966563652, 9.2839966563652, 3.218,   2,  0.9990000000000001,  0.03842307692307693,  0.0,  36.096985865724356,  0.0,  16,  5,  1,  0,  1,  0,  0,  0,  -9.085,  59.342,  1247.117,  1.52,  24.275,  2.794,  0.47712125471966244
DBFW, lig_3,  153783,  8,  2.0,  1.0, 1.6000000000000003e-09, -8.795880017344075, 8.795880017344075, 3.111,   3,  1.003,  0.03343333333333333,  0.0,  36.096985865724356,  0.0,  16,  5,  2,  0,  2,  0,  0,  0,  -8.393,  70.753,  1288.606,  2.139,  11.629,  2.899,  0.6020599913279624
E8MH, lig_4,  50519896,  8,  2.0,  1.0, 2e-09, -8.698970004336019, 8.698970004336019, 3.414,   4,  0.0009999999999998899,  3.4482758620685855e-05,  0.0,  36.096985865724356,  0.0,  14,  6,  2,  0,  1,  0,  0,  0,  -8.435,  65.416,  1311.989,  1.447,  21.376,  2.296,  0.6989700043360189
17E9, lig_5,  50579853,  8,  2.0,  1.0, 2e-09, -8.698970004336019, 8.698970004336019, 3.414,   4,  0.0009999999999998899,  3.4482758620685855e-05,  0.0,  36.096985865724356,  0.0,  14,  6,  2,  0,  1,  0,  0,  0,  -8.435,  65.416,  1311.989,  1.447,  21.376,  2.296,  0.6989700043360189
7KCQ, lig_6,  153780,  8,  2.0,  1.0, 2.4e-09, -8.619788758288394, 8.619788758288394, 3.596,   4,  1.002,  0.0313125,  0.0,  36.096985865724356,  0.0,  15,  6,  2,  0,  2,  0,  0,  0,  -8.227,  64.499,  1329.949,  1.241,  15.554,  1.441,  0.6989700043360189
U2MX, lig_7,  51488914,  8,  2.0,  1.0, 3.0000000000000004e-09, -8.522878745280337, 8.522878745280337, 5.497,   7,  1.0010000000000001,  0.028600000000000004,  0.0,  36.096985865724356,  0.0,  18,  5,  4,  0,  1,  2,  0,  0,  -7.496,  61.012,  1373.404,  1.011,  23.084,  1.259,  0.9030899869919435
ZO43, lig_8,  50948457,  8,  2.0,  1.0, 3.4000000000000003e-09, -8.468521082957745, 8.468521082957745, 2.497,   5,  1.0,  0.02702702702702703,  0.0,  36.096985865724356,  0.0,  25,  6,  1,  0,  0,  0,  0,  0,  -9.207,  64.788,  1570.305,  0.551,  31.439,  0.675,  0.7781512503836436
DJBU, lig_9,  153784,  8,  2.0,  1.0, 7.6e-09, -8.119186407719209, 8.119186407719209, 3.277,   4,  1.0020000000000002,  0.032322580645161296,  0.0,  36.096985865724356,  0.0,  17,  5,  2,  0,  2,  0,  0,  0,  -8.087,  60.176,  1306.205,  0.83,  18.2,  1.329,  0.6989700043360189
RRQB, lig_10,  153782,  8,  2.0,  1.0, 2.6e-08, -7.585026652029182, 7.585026652029182, 2.971,   4,  0.9989999999999999,  0.031218749999999997,  0.0,  36.096985865724356,  0.0,  15,  6,  2,  0,  2,  0,  0,  0,  -8.501,  63.0,  1331.355,  1.387,  13.503,  2.839,  0.6989700043360189
DGYM, lig_11,  153790,  8,  2.0,  1.0, 2.8000000000000003e-08, -7.552841968657781, 7.552841968657781, 3.202,   3,  -0.0029999999999998916,  -0.00010714285714285327,  0.0,  36.096985865724356,  0.0,  16,  5,  3,  0,  1,  0,  0,  0,  -8.567,  59.083,  1348.145,  0.779,  21.58,  0.852,  0.6020599913279624
IWZ3, lig_12,  50579846,  8,  2.0,  1.0, 3.2e-08, -7.494850021680094, 7.494850021680094, 4.664,   6,  1.0010000000000001,  0.030333333333333337,  0.0,  36.096985865724356,  0.0,  19,  6,  1,  0,  1,  0,  0,  0,  -7.848,  75.779,  1226.086,  2.132,  27.205,  3.549,  0.8450980400142568
AAIG, lig_13,  153781,  8,  2.0,  1.0, 3.3000000000000004e-08, -7.481486060122112, 7.481486060122112, 5.866,   4,  1.0,  0.03125,  0.0,  36.096985865724356,  0.0,  16,  6,  2,  0,  2,  0,  0,  0,  -8.114,  57.687,  1306.565,  1.198,  9.757,  2.551,  0.6989700043360189
NOXY, lig_14,  51041256,  8,  2.0,  1.0, 3.8e-08, -7.42021640338319, 7.42021640338319, 3.445,   5,  0.9980000000000002,  0.03441379310344828,  0.0,  36.096985865724356,  0.0,  17,  4,  2,  0,  2,  0,  0,  0,  -8.083,  73.907,  1265.815,  2.47,  36.49,  2.891,  0.7781512503836436
880V, lig_15,  51267902,  8,  2.0,  1.0, 4e-08, -7.3979400086720375, 7.3979400086720375, 2.589,   5,  1.0009999999999997,  0.03229032258064515,  0.0,  36.096985865724356,  0.0,  21,  1,  5,  0,  0,  0,  0,  0,  -9.082,  59.714,  1455.249,  1.113,  28.984,  1.35,  0.7781512503836436
QSI5, lig_16,  153785,  8,  2.0,  1.0, 4.7000000000000004e-08, -7.327902142064283, 7.327902142064283, 2.801,   5,  0.9999999999999998,  0.030303030303030297,  0.0,  36.096985865724356,  0.0,  16,  6,  2,  0,  2,  0,  0,  0,  -8.275,  66.02,  1400.399,  1.529,  17.192,  2.335,  0.7781512503836436
5FWD, lig_17,  50910157,  8,  2.0,  1.0, 6.2e-08, -7.2076083105017466, 7.2076083105017466, 3.426,   4,  2.7755575615628914e-17,  1.02798428206033e-18,  0.0,  36.096985865724356,  0.0,  15,  5,  2,  0,  0,  0,  0,  0,  -7.465,  54.902,  1209.103,  0.661,  18.991,  0.903,  0.6989700043360189
TVWJ, lig_18,  50910188,  8,  2.0,  1.0, 7.6e-08, -7.119186407719209, 7.119186407719209, 3.814,   4,  0.0019999999999999185,  7.407407407407105e-05,  0.0,  36.096985865724356,  0.0,  15,  5,  2,  0,  0,  0,  0,  0,  -7.657,  46.771,  1189.78,  0.768,  32.926,  1.306,  0.6989700043360189
U8TF, lig_19,  184848,  8,  2.0,  1.0, 8e-08, -7.096910013008056, 7.096910013008056, 3.262,   1,  -1.0,  -0.041666666666666664,  0.0,  36.096985865724356,  0.0,  16,  3,  3,  0,  0,  0,  0,  0,  -9.279,  56.337,  1154.102,  1.05,  45.24,  1.356,  0.3010299956639812
MLEK, lig_20,  50839928,  8,  2.0,  1.0, 8.9e-08, -7.050609993355087, 7.050609993355087, 2.837,   3,  -4.163336342344337e-17,  -1.261617073437678e-18,  0.0,  36.096985865724356,  0.0,  18,  7,  0,  0,  0,  0,  0,  0,  -8.881,  59.816,  1343.402,  1.195,  23.561,  1.992,  0.6020599913279624
RYE0, lig_21,  50910145,  8,  2.0,  1.0, 9.5e-08, -7.022276394711152, 7.022276394711152, 2.735,   5,  1.3877787807814457e-16,  4.956352788505163e-18,  0.0,  36.096985865724356,  0.0,  17,  4,  3,  0,  0,  0,  0,  0,  -7.983,  54.236,  1340.27,  0.731,  32.086,  0.915,  0.7781512503836436
AE7Q, lig_22,  50436576,  8,  2.0,  1.0, 1.0000000000000001e-07, -7.0, 7.0, 3.239,   2,  0.9980000000000004,  0.03992000000000002,  0.0,  36.096985865724356,  0.0,  16,  4,  0,  0,  1,  0,  0,  0,  -8.158,  62.185,  1199.964,  1.048,  34.211,  0.0,  0.47712125471966244
NXJG, lig_23,  50077211,  8,  2.0,  1.0, 1.0000000000000001e-07, -7.0, 7.0, 4.603,   11,  -1.0019999999999998,  -0.02385714285714285,  0.0,  36.096985865724356,  0.0,  28,  2,  5,  0,  0,  3,  0,  0,  -8.755,  68.019,  1684.154,  0.925,  61.319,  1.573,  1.0791812460476249
4PDM, lig_24,  50077178,  3,  2.0,  1.0, 1.0000000000000001e-07, -7.0, 7.0, 1.89,   10,  -1.0010000000000003,  -0.02327906976744187,  0.0,  36.096985865724356,  0.0,  29,  3,  5,  0,  0,  0,  0,  0,  -8.247,  90.172,  1888.487,  4.057,  54.052,  1.01,  1.041392685158225
9UL5, lig_25,  184851,  8,  2.0,  1.0, 1.0000000000000001e-07, -7.0, 7.0, 2.887,   7,  1.0000000000000002,  0.03030303030303031,  0.0,  36.096985865724356,  0.0,  19,  6,  1,  0,  0,  0,  0,  0,  -8.287,  71.104,  1400.236,  0.778,  35.633,  1.124,  0.9030899869919435
FNTX, lig_26,  51251870,  8,  2.0,  1.0, 1.1e-07, -6.958607314841775, 6.958607314841775, 2.178,   4,  -5.551115123125783e-17,  -2.05596856412066e-18,  0.0,  36.096985865724356,  0.0,  15,  5,  2,  0,  1,  0,  0,  0,  -7.96,  67.086,  1276.773,  1.807,  31.497,  1.448,  0.6989700043360189
AO15, lig_27,  50077215,  8,  2.0,  1.0, 1.4e-07, -6.853871964321762, 6.853871964321762, 3.608,   10,  -1.0000000000000002,  -0.025000000000000005,  0.0,  36.096985865724356,  0.0,  27,  2,  6,  0,  0,  0,  0,  0,  -8.922,  102.443,  1859.99,  2.877,  55.212,  0.49,  1.041392685158225
Z1RG, lig_28,  50519895,  8,  2.0,  1.0, 1.49e-07, -6.826813731587726, 6.826813731587726, 3.466,   3,  1.999,  0.06448387096774194,  0.0,  36.096985865724356,  0.0,  19,  6,  1,  0,  1,  0,  0,  0,  -8.141,  55.13,  1373.681,  0.471,  10.833,  0.232,  0.6020599913279624
WULW, lig_29,  153791,  8,  2.0,  1.0, 1.49e-07, -6.826813731587726, 6.826813731587726, 3.466,   3,  1.999,  0.06448387096774194,  0.0,  36.096985865724356,  0.0,  19,  6,  1,  0,  1,  0,  0,  0,  -8.141,  55.13,  1373.681,  0.471,  10.833,  0.232,  0.6020599913279624
D2HH, lig_30,  50579843,  8,  2.0,  1.0, 1.5100000000000002e-07, -6.82102305270683, 6.82102305270683, 4.397,   5,  1.0000000000000002,  0.03030303030303031,  0.0,  36.096985865724356,  0.0,  20,  6,  1,  0,  1,  0,  0,  0,  -8.231,  71.666,  1354.115,  0.902,  25.821,  0.963,  0.7781512503836436
L4GD, lig_31,  50579844,  8,  2.0,  1.0, 1.5600000000000002e-07, -6.806875401645538, 6.806875401645538, 2.926,   4,  1.0010000000000001,  0.031281250000000003,  0.0,  36.096985865724356,  0.0,  19,  6,  1,  0,  1,  0,  0,  0,  -8.684,  64.887,  1431.757,  1.1,  17.371,  1.533,  0.6989700043360189
HHTE, lig_32,  50077177,  3,  2.0,  1.0, 1.6e-07, -6.795880017344075, 6.795880017344075, 4.714,   10,  -1.0000000000000002,  -0.02325581395348838,  0.0,  36.096985865724356,  0.0,  30,  3,  5,  0,  0,  0,  0,  0,  -7.897,  73.823,  1621.281,  2.293,  63.157,  0.575,  1.041392685158225
TLTD, lig_33,  50579850,  8,  2.0,  1.0, 1.6800000000000002e-07, -6.774690718274137, 6.774690718274137, 3.373,   4,  1.0,  0.037037037037037035,  0.0,  36.096985865724356,  0.0,  15,  5,  0,  0,  1,  0,  0,  0,  -7.451,  60.306,  1168.098,  1.084,  22.629,  0.939,  0.6989700043360189
PCEL, lig_34,  51041254,  8,  2.0,  1.0, 1.9e-07, -6.721246399047171, 6.721246399047171, 2.589,   5,  1.0009999999999997,  0.03229032258064515,  0.0,  36.096985865724356,  0.0,  21,  1,  5,  0,  0,  0,  0,  0,  -9.082,  59.714,  1455.249,  1.113,  28.984,  1.35,  0.7781512503836436
HHXO, lig_35,  51087231,  8,  2.0,  1.0, 2.0000000000000002e-07, -6.698970004336019, 6.698970004336019, 4.459,   10,  -1.001,  -0.02441463414634146,  0.0,  36.096985865724356,  0.0,  27,  2,  6,  0,  0,  0,  0,  0,  -8.179,  63.754,  1578.616,  1.441,  48.793,  1.941,  1.041392685158225
J38Y, lig_36,  50579849,  8,  2.0,  1.0, 2.39e-07, -6.621602099051862, 6.621602099051862, 3.779,   6,  0.9990000000000001,  0.0333,  0.0,  36.096985865724356,  0.0,  18,  4,  3,  0,  1,  0,  0,  0,  -7.545,  66.675,  1396.562,  0.976,  13.126,  0.931,  0.8450980400142568
2B0U, lig_37,  184852,  8,  2.0,  1.0, 2.5000000000000004e-07, -6.6020599913279625, 6.6020599913279625, 1.583,   9,  1.0010000000000001,  0.031281250000000003,  0.0,  36.096985865724356,  0.0,  19,  6,  1,  0,  0,  0,  0,  0,  -7.895,  67.677,  1377.871,  1.182,  51.413,  1.816,  1.0
91VA, lig_38,  50579852,  8,  2.0,  1.0, 2.51e-07, -6.600326278518962, 6.600326278518962, 3.457,   4,  0.9990000000000001,  0.037000000000000005,  0.0,  36.096985865724356,  0.0,  17,  5,  0,  0,  1,  0,  0,  0,  -7.341,  55.008,  1145.776,  1.021,  16.412,  1.944,  0.6989700043360189
8L3N, lig_39,  50579848,  8,  2.0,  1.0, 2.56e-07, -6.59176003468815, 6.59176003468815, 3.405,   6,  1.0010000000000001,  0.031281250000000003,  0.0,  36.096985865724356,  0.0,  18,  5,  3,  0,  1,  0,  0,  0,  -7.619,  78.992,  1386.936,  2.218,  10.722,  2.398,  0.8450980400142568
FE9R, lig_40,  50579851,  8,  2.0,  1.0, 2.86e-07, -6.543633966870957, 6.543633966870957, 1.894,   4,  1.0,  0.037037037037037035,  0.0,  36.096985865724356,  0.0,  16,  5,  0,  0,  1,  0,  0,  0,  -7.598,  57.579,  1229.423,  0.567,  18.98,  0.688,  0.6989700043360189
FW1G, lig_41,  50579841,  8,  2.0,  1.0, 2.97e-07, -6.527243550682788, 6.527243550682788, 2.196,   4,  1.0010000000000001,  0.028600000000000004,  0.0,  36.096985865724356,  0.0,  21,  7,  1,  0,  1,  0,  0,  0,  -7.817,  59.036,  1382.228,  0.981,  18.791,  0.313,  0.6989700043360189
7YRQ, lig_42,  50077179,  8,  2.0,  1.0, 3.0000000000000004e-07, -6.522878745280337, 6.522878745280337, 4.291,   11,  -0.9999999999999999,  -0.023809523809523808,  0.0,  36.096985865724356,  0.0,  29,  2,  4,  0,  0,  3,  0,  0,  -8.682,  86.53,  1709.885,  1.89,  67.783,  1.011,  1.0791812460476249
88LW, lig_43,  50375321,  8,  2.0,  1.0, 3.4000000000000003e-07, -6.468521082957745, 6.468521082957745, 4.382,   5,  9.020562075079397e-17,  3.3409489166960727e-18,  0.0,  36.096985865724356,  0.0,  18,  3,  1,  0,  2,  0,  0,  0,  -8.126,  68.066,  1225.277,  0.669,  40.973,  0.877,  0.7781512503836436
V4ZN, lig_44,  51476384,  3,  2.0,  1.0, 3.5000000000000004e-07, -6.455931955649724, 6.455931955649724, 1.965,   7,  -0.0039999999999998925,  -0.00010256410256409981,  0.0,  36.096985865724356,  0.0,  25,  6,  3,  0,  0,  0,  0,  0,  -12.297,  119.452,  1986.998,  1.981,  93.234,  0.294,  0.9030899869919435
S5GU, lig_45,  50579965,  8,  2.0,  1.0, 3.9e-07, -6.4089353929735005, 6.4089353929735005, 3.514,   4,  1.0,  0.03125,  0.0,  36.096985865724356,  0.0,  18,  6,  1,  0,  1,  0,  0,  0,  -8.6,  78.615,  1307.888,  1.425,  22.046,  1.869,  0.6989700043360189
05LG, lig_46,  51251922,  8,  2.0,  1.0, 3.96e-07, -6.402304814074488, 6.402304814074488, 2.641,   2,  1.0010000000000001,  0.0526842105263158,  0.0,  36.096985865724356,  0.0,  9,  4,  0,  0,  1,  0,  0,  0,  -5.803,  30.672,  798.166,  0.364,  19.49,  0.785,  0.47712125471966244
D3IR, lig_47,  51251926,  8,  2.0,  1.0, 3.96e-07, -6.402304814074488, 6.402304814074488, 3.414,   4,  0.0009999999999998899,  3.4482758620685855e-05,  0.0,  36.096985865724356,  0.0,  14,  6,  2,  0,  1,  0,  0,  0,  -8.435,  65.416,  1311.989,  1.447,  21.376,  2.296,  0.6989700043360189
STQK, lig_48,  153779,  8,  2.0,  1.0, 4.0300000000000005e-07, -6.394694953858891, 6.394694953858891, 3.354,   5,  1.001,  0.03033333333333333,  0.0,  36.096985865724356,  0.0,  16,  6,  2,  0,  2,  0,  0,  0,  -7.961,  72.263,  1255.241,  1.974,  17.288,  2.904,  0.7781512503836436
YS21, lig_49,  50579967,  8,  2.0,  1.0, 4.32e-07, -6.364516253185088, 6.364516253185088, 4.6,   4,  0.9990000000000003,  0.030272727272727284,  0.0,  36.096985865724356,  0.0,  21,  6,  1,  0,  1,  0,  0,  0,  -8.11,  60.884,  1338.516,  1.455,  25.603,  1.502,  0.6989700043360189
CEZY, lig_50,  50579847,  8,  2.0,  1.0, 4.63e-07, -6.334419008982047, 6.334419008982047, 1.55,   7,  1.0000000000000002,  0.03030303030303031,  0.0,  36.096985865724356,  0.0,  19,  5,  3,  0,  1,  0,  0,  0,  -8.006,  81.873,  1557.135,  1.885,  14.407,  1.571,  0.9030899869919435
ZSB5, lig_51,  51476383,  3,  2.0,  1.0, 5.2e-07, -6.2839966563652006, 6.2839966563652006, 1.939,   7,  -0.003999999999999865,  -0.0001025641025640991,  0.0,  36.096985865724356,  0.0,  25,  6,  3,  0,  0,  0,  0,  0,  -12.392,  110.796,  1950.169,  1.661,  89.526,  1.184,  0.9030899869919435
S5AP, lig_52,  50579842,  8,  2.0,  1.0, 5.22e-07, -6.282329496997738, 6.282329496997738, 4.738,   5,  1.0,  0.02857142857142857,  0.0,  36.096985865724356,  0.0,  20,  7,  1,  0,  1,  0,  0,  0,  -8.503,  70.295,  1403.43,  1.514,  14.733,  2.304,  0.7781512503836436
SE8B, lig_53,  184849,  8,  2.0,  1.0, 5.900000000000001e-07, -6.229147988357855, 6.229147988357855, 5.075,   3,  2.7755575615628914e-17,  1.1102230246251566e-18,  0.0,  36.096985865724356,  0.0,  16,  3,  2,  0,  0,  0,  0,  0,  -8.036,  52.17,  1152.307,  1.995,  24.851,  3.16,  0.6020599913279624
ODAR, lig_54,  184850,  8,  2.0,  1.0, 6.7e-07, -6.173925197299173, 6.173925197299173, 2.637,   0,  0.0,  0.0,  0.0,  36.096985865724356,  0.0,  16,  2,  1,  0,  0,  0,  0,  0,  -8.693,  44.604,  1128.079,  0.591,  40.325,  0.0,  0.0
2T8Q, lig_55,  50077217,  8,  2.0,  1.0, 7.000000000000001e-07, -6.154901959985743, 6.154901959985743, 3.449,   10,  -0.9999999999999998,  -0.024999999999999994,  0.0,  36.096985865724356,  0.0,  27,  2,  6,  0,  0,  0,  0,  0,  -8.849,  73.67,  1607.103,  1.79,  59.153,  2.692,  1.041392685158225
4Y0F, lig_56,  50077219,  8,  2.0,  1.0, 9.000000000000001e-07, -6.045757490560675, 6.045757490560675, 4.767,   10,  -1.0010000000000001,  -0.025025000000000002,  0.0,  36.096985865724356,  0.0,  27,  2,  6,  0,  0,  0,  0,  0,  -7.831,  65.402,  1516.871,  2.106,  45.962,  2.651,  1.041392685158225
PU3O, lig_57,  50077214,  8,  2.0,  1.0, 9.000000000000001e-07, -6.045757490560675, 6.045757490560675, 4.343,   10,  -1.0010000000000001,  -0.0263421052631579,  0.0,  36.096985865724356,  0.0,  25,  2,  6,  0,  1,  0,  0,  0,  -8.136,  74.405,  1531.546,  1.553,  39.858,  2.312,  1.041392685158225
KWO1, lig_58,  50579845,  8,  2.0,  1.0, 1.0390000000000001e-06, -5.983384452442823, 5.983384452442823, 2.512,   4,  0.9990000000000001,  0.0333,  0.0,  36.096985865724356,  0.0,  19,  5,  1,  0,  1,  0,  0,  0,  -8.221,  63.644,  1396.242,  1.033,  20.199,  0.704,  0.6989700043360189
MDTT, lig_59,  50436577,  8,  2.0,  1.0, 1.1e-06, -5.958607314841775, 5.958607314841775, 2.463,   2,  1.0000000000000004,  0.040000000000000015,  0.0,  36.096985865724356,  0.0,  16,  4,  0,  0,  1,  0,  0,  0,  -8.067,  50.154,  1125.87,  0.528,  36.588,  0.388,  0.47712125471966244
BVT2, lig_60,  50948471,  8,  2.0,  1.0, 1.1600000000000001e-06, -5.935542010773082, 5.935542010773082, 4.03,   7,  1.001,  0.02705405405405405,  0.0,  36.096985865724356,  0.0,  25,  5,  3,  0,  0,  1,  0,  0,  -7.674,  84.79,  1498.792,  2.023,  33.088,  0.347,  0.9030899869919435
MJWC, lig_61,  50357146,  8,  2.0,  1.0, 1.2000000000000002e-06, -5.920818753952375, 5.920818753952375, 1.675,   4,  1.0019999999999998,  0.04174999999999999,  0.0,  36.096985865724356,  0.0,  12,  5,  1,  0,  0,  0,  0,  0,  -7.075,  41.231,  1015.01,  0.436,  35.785,  1.027,  0.6989700043360189
QXKM, lig_62,  50304510,  8,  2.0,  1.0, 1.2000000000000002e-06, -5.920818753952375, 5.920818753952375, 3.165,   4,  0.0010000000000000842,  2.8571428571430976e-05,  0.0,  36.096985865724356,  0.0,  21,  5,  1,  0,  0,  2,  0,  0,  -8.765,  66.491,  1509.646,  2.452,  35.991,  1.291,  0.6989700043360189
XVXW, lig_63,  50699979,  8,  2.0,  1.0, 1.3e-06, -5.886056647693163, 5.886056647693163, 1.53,   7,  0.9999999999999998,  0.03846153846153845,  0.0,  36.096985865724356,  0.0,  11,  5,  2,  0,  0,  0,  0,  0,  -6.794,  55.366,  992.342,  0.53,  41.38,  0.951,  0.9030899869919435
X74X, lig_64,  51476382,  3,  2.0,  1.0, 1.3100000000000002e-06, -5.882728704344236, 5.882728704344236, 1.794,   6,  -0.0019999999999998977,  -5.263157894736573e-05,  0.0,  36.096985865724356,  0.0,  25,  6,  2,  0,  0,  0,  0,  0,  -12.418,  112.365,  1897.293,  1.709,  90.748,  1.044,  0.8450980400142568
AA1F, lig_65,  51476377,  3,  2.0,  1.0, 1.4000000000000001e-06, -5.853871964321762, 5.853871964321762, 2.823,   7,  -1.005,  -0.025124999999999998,  0.0,  36.096985865724356,  0.0,  26,  6,  4,  0,  0,  0,  0,  0,  -12.422,  94.37,  2175.103,  1.937,  61.819,  2.784,  0.9030899869919435
40QI, lig_66,  50436570,  8,  2.0,  1.0, 1.5e-06, -5.823908740944319, 5.823908740944319, 4.206,   6,  0.9960000000000006,  0.03212903225806454,  0.0,  36.096985865724356,  0.0,  15,  4,  2,  0,  1,  3,  0,  0,  -8.5,  73.854,  1376.891,  2.21,  18.153,  3.472,  0.8450980400142568
X4AW, lig_67,  50436568,  8,  2.0,  1.0, 1.5e-06, -5.823908740944319, 5.823908740944319, 4.186,   5,  0.9980000000000003,  0.03326666666666668,  0.0,  36.096985865724356,  0.0,  16,  4,  1,  0,  1,  3,  0,  0,  -8.683,  57.086,  1338.722,  1.171,  37.174,  2.196,  0.7781512503836436
QYQ6, lig_68,  51476380,  3,  2.0,  1.0, 1.6400000000000002e-06, -5.785156151952302, 5.785156151952302, 1.175,   8,  -2.004,  -0.046604651162790695,  0.0,  36.096985865724356,  0.0,  25,  8,  6,  0,  0,  0,  0,  0,  -12.702,  116.251,  2280.106,  2.45,  60.848,  3.243,  0.9542425094393249
ZE1I, lig_69,  50436567,  8,  2.0,  1.0, 1.652e-06, -5.781989957015637, 5.781989957015637, 4.354,   4,  0.9970000000000007,  0.03560714285714288,  0.0,  36.096985865724356,  0.0,  14,  4,  1,  0,  1,  3,  0,  0,  -8.099,  69.801,  1307.302,  0.886,  16.365,  0.465,  0.6989700043360189
Q17I, lig_70,  50948462,  8,  2.0,  1.0, 1.8000000000000001e-06, -5.7447274948966935, 5.7447274948966935, 3.01,   6,  0.9999999999999996,  0.027027027027027015,  0.0,  36.096985865724356,  0.0,  25,  6,  2,  0,  0,  0,  0,  0,  -7.995,  68.035,  1454.031,  1.673,  44.493,  0.557,  0.8450980400142568
3ZKR, lig_71,  51476386,  3,  2.0,  1.0, 1.95e-06, -5.709965388637482, 5.709965388637482, 1.763,   7,  -1.004,  -0.0251,  0.0,  36.096985865724356,  0.0,  25,  7,  4,  0,  0,  0,  0,  0,  -12.338,  104.656,  2212.793,  1.569,  63.913,  0.935,  0.9030899869919435
HOT4, lig_72,  50948468,  8,  2.0,  1.0, 2.0000000000000003e-06, -5.698970004336019, 5.698970004336019, 2.664,   7,  1.001,  0.027805555555555552,  0.0,  36.096985865724356,  0.0,  25,  5,  3,  0,  0,  0,  0,  0,  -7.686,  83.822,  1434.237,  1.385,  35.231,  0.0,  0.9030899869919435
9WZF, lig_73,  50375328,  8,  2.0,  1.0, 2.0000000000000003e-06, -5.698970004336019, 5.698970004336019, 3.738,   3,  0.0,  0.0,  0.0,  36.096985865724356,  0.0,  13,  3,  1,  0,  1,  0,  0,  0,  -7.505,  49.587,  1066.158,  1.103,  27.635,  1.594,  0.6020599913279624
XGS2, lig_74,  51476378,  3,  2.0,  1.0, 2.2e-06, -5.657577319177793, 5.657577319177793, 2.063,   6,  -0.0039999999999998995,  -0.0001081081081081054,  0.0,  36.096985865724356,  0.0,  25,  6,  2,  0,  0,  0,  0,  0,  -12.104,  93.447,  1933.858,  1.129,  95.062,  0.0,  0.8450980400142568
AYBZ, lig_75,  50357147,  8,  2.0,  1.0, 2.4000000000000003e-06, -5.619788758288394, 5.619788758288394, 2.397,   9,  0.9999999999999996,  0.027777777777777766,  0.0,  36.096985865724356,  0.0,  18,  6,  3,  0,  0,  0,  0,  0,  -8.481,  84.515,  1460.325,  2.166,  49.696,  2.58,  1.0
MYN0, lig_76,  50436574,  8,  2.0,  1.0, 2.4000000000000003e-06, -5.619788758288394, 5.619788758288394, 3.072,   4,  0.9980000000000003,  0.036962962962962975,  0.0,  36.096985865724356,  0.0,  16,  4,  1,  0,  1,  0,  0,  0,  -8.53,  61.364,  1269.149,  1.395,  26.888,  2.307,  0.6989700043360189
M4GV, lig_77,  50436579,  8,  2.0,  1.0, 2.452e-06, -5.610479534153622, 5.610479534153622, 3.217,   2,  0.9990000000000003,  0.04343478260869567,  0.0,  36.096985865724356,  0.0,  14,  4,  0,  0,  1,  0,  0,  0,  -7.64,  54.513,  1161.341,  0.445,  16.445,  0.0,  0.47712125471966244
RYNZ, lig_78,  51476379,  3,  2.0,  1.0, 2.46e-06, -5.609064892896621, 5.609064892896621, 2.585,   7,  -1.004,  -0.0251,  0.0,  36.096985865724356,  0.0,  25,  7,  4,  0,  0,  0,  0,  0,  -12.48,  102.505,  2153.477,  1.454,  63.139,  1.87,  0.9030899869919435
9U8L, lig_79,  50077180,  8,  2.0,  1.0, 2.5e-06, -5.6020599913279625, 5.6020599913279625, 4.144,   9,  -0.9999999999999999,  -0.024999999999999998,  0.0,  36.096985865724356,  0.0,  27,  2,  4,  0,  0,  3,  0,  0,  -10.081,  100.241,  1762.059,  2.626,  68.963,  2.384,  1.0
J80V, lig_80,  50077181,  8,  2.0,  1.0, 2.5e-06, -5.6020599913279625, 5.6020599913279625, 1.757,   10,  -0.9999999999999999,  -0.023809523809523808,  0.0,  36.096985865724356,  0.0,  28,  2,  5,  0,  0,  4,  0,  0,  -9.406,  90.864,  1945.822,  1.827,  56.182,  0.618,  1.041392685158225
GGVV, lig_81,  51476375,  3,  2.0,  1.0, 2.57e-06, -5.590066876668706, 5.590066876668706, 1.891,   6,  -0.0009999999999999523,  -2.857142857142721e-05,  0.0,  36.096985865724356,  0.0,  23,  6,  2,  0,  0,  0,  0,  0,  -11.759,  113.279,  1734.058,  1.34,  87.887,  0.633,  0.8450980400142568
7T4D, lig_82,  50077204,  8,  2.0,  1.0, 2.8000000000000003e-06, -5.552841968657781, 5.552841968657781, 2.808,   10,  -0.9999999999999998,  -0.025641025641025637,  0.0,  36.096985865724356,  0.0,  25,  3,  7,  0,  0,  0,  0,  0,  -7.957,  79.314,  1589.127,  1.825,  23.056,  2.413,  1.041392685158225
6TZM, lig_83,  51476390,  3,  2.0,  1.0, 2.87e-06, -5.542118103266008, 5.542118103266008, 1.946,   6,  -0.002999999999999876,  -7.894736842104937e-05,  0.0,  36.096985865724356,  0.0,  25,  6,  2,  0,  0,  1,  0,  0,  -12.184,  106.197,  2001.184,  2.219,  100.331,  0.0,  0.8450980400142568
QRTW, lig_84,  50851835,  8,  2.0,  1.0, 3.0880000000000003e-06, -5.510322708336301, 5.510322708336301, 4.144,   3,  0.001000000000000112,  2.6315789473687156e-05,  0.0,  36.096985865724356,  0.0,  20,  7,  3,  0,  1,  0,  0,  0,  -9.583,  66.124,  1555.445,  1.077,  13.139,  1.533,  0.6020599913279624
W9B5, lig_85,  50459449,  8,  2.0,  1.0, 3.1000000000000004e-06, -5.508638306165727, 5.508638306165727, 3.47,   4,  -5.551115123125783e-17,  -1.734723475976807e-18,  0.0,  36.096985865724356,  0.0,  18,  5,  1,  0,  0,  3,  0,  0,  -9.79,  67.172,  1448.282,  0.87,  48.986,  0.847,  0.6989700043360189
7MPB, lig_86,  51476389,  3,  2.0,  1.0, 3.1000000000000004e-06, -5.508638306165727, 5.508638306165727, 1.928,   6,  -0.0029999999999999055,  -7.894736842105014e-05,  0.0,  36.096985865724356,  0.0,  25,  6,  2,  0,  0,  0,  0,  0,  -13.091,  108.108,  2035.934,  1.289,  104.674,  0.042,  0.8450980400142568
LVCE, lig_87,  51476381,  3,  2.0,  1.0, 3.6300000000000004e-06, -5.440093374963888, 5.440093374963888, 2.449,   6,  -0.001999999999999896,  -5.2631578947365686e-05,  0.0,  36.096985865724356,  0.0,  25,  6,  2,  0,  0,  0,  0,  0,  -12.237,  91.544,  2000.386,  0.982,  88.085,  0.0,  0.8450980400142568
6AMA, lig_88,  50579966,  8,  2.0,  1.0, 3.967e-06, -5.401537799525849, 5.401537799525849, 5.025,   5,  1.0000000000000002,  0.02941176470588236,  0.0,  36.096985865724356,  0.0,  20,  6,  2,  0,  2,  0,  0,  0,  -8.451,  79.438,  1512.746,  1.891,  22.159,  1.124,  0.7781512503836436
O3O2, lig_89,  51476385,  3,  2.0,  1.0, 4.84e-06, -5.315154638355588, 5.315154638355588, 1.56,   5,  -0.0019999999999999463,  -5.882352941176313e-05,  0.0,  36.096985865724356,  0.0,  15,  7,  4,  0,  1,  0,  0,  0,  -10.32,  96.065,  1676.882,  1.681,  38.486,  1.252,  0.7781512503836436
08ZC, lig_90,  51476391,  3,  2.0,  1.0, 5.590000000000001e-06, -5.252588192113577, 5.252588192113577, 1.857,   7,  -0.003999999999999948,  -9.756097560975483e-05,  0.0,  36.096985865724356,  0.0,  26,  6,  2,  0,  0,  3,  0,  0,  -13.5,  124.918,  2191.205,  2.314,  111.232,  0.955,  0.9030899869919435
CBIO, lig_91,  51476393,  8,  2.0,  1.0, 6.25e-06, -5.204119982655925, 5.204119982655925, 1.723,   8,  -0.002999999999999895,  -7.692307692307423e-05,  0.0,  36.096985865724356,  0.0,  27,  6,  2,  0,  0,  0,  0,  0,  -11.583,  95.449,  1967.379,  0.761,  88.077,  0.587,  0.9542425094393249
0PEE, lig_92,  51476392,  3,  2.0,  1.0, 9.7e-06, -5.013228265733755, 5.013228265733755, 2.505,   7,  -0.002999999999999864,  -7.692307692307343e-05,  0.0,  36.096985865724356,  0.0,  26,  6,  3,  0,  0,  0,  0,  0,  -11.704,  108.637,  2046.537,  2.336,  86.915,  0.472,  0.9030899869919435
BOOM, lig_93,  50077206,  8,  2.0,  1.0, 1e-05, -5.0, 5.0, 3.912,   10,  -1.0010000000000003,  -0.025666666666666674,  0.0,  36.096985865724356,  0.0,  27,  2,  6,  0,  0,  0,  0,  0,  -8.51,  67.362,  1740.328,  0.804,  47.473,  0.212,  1.041392685158225
XISO, lig_94,  51476376,  8,  2.0,  1.0, 1.1580000000000001e-05, -4.936291440608582, 4.936291440608582, 2.654,   8,  -0.0029999999999998986,  -8.571428571428281e-05,  0.0,  36.096985865724356,  0.0,  23,  6,  2,  0,  0,  0,  0,  0,  -9.992,  83.8,  1803.805,  1.267,  80.593,  0.0,  0.9542425094393249
EQB9, lig_95,  50077184,  8,  2.0,  1.0, 1.2e-05, -4.920818753952375, 4.920818753952375, 4.897,   11,  -2.0020000000000007,  -0.04655813953488374,  0.0,  36.096985865724356,  0.0,  27,  2,  6,  0,  0,  3,  0,  0,  -9.329,  90.529,  1724.402,  2.425,  75.621,  2.183,  1.0791812460476249
KQK2, lig_96,  51476387,  3,  2.0,  1.0, 1.2250000000000001e-05, -4.911863911299449, 4.911863911299449, 1.727,   7,  -1.004,  -0.0251,  0.0,  36.096985865724356,  0.0,  25,  7,  4,  0,  0,  0,  0,  0,  -12.286,  100.984,  2110.002,  0.84,  80.418,  0.0,  0.9030899869919435
HOIT, lig_97,  51476388,  3,  2.0,  1.0, 1.466e-05, -4.8338660296948905, 4.8338660296948905, 2.849,   6,  -0.0039999999999998995,  -0.00010526315789473419,  0.0,  36.096985865724356,  0.0,  25,  6,  2,  0,  0,  0,  0,  0,  -12.296,  88.824,  2050.305,  0.909,  67.121,  0.973,  0.8450980400142568
